{"cameraMode":{"drawMode":0,"name":"Shaded","section":"Shading Mode"},"sceneLighting":true,"audioPlay":false,"sceneViewState":{"m_AlwaysRefresh":false,"showFog":true,"showSkybox":true,"showFlares":true,"showImageEffects":true,"showParticleSystems":true,"showVisualEffectGraphs":true,"m_FxEnabled":true},"in2DMode":false,"pivot":{"x":102.47227478027344,"y":71.15409851074219,"z":305.0036926269531},"rotation":{"x":-0.12001615017652512,"y":0.4482753574848175,"z":-0.060880083590745929,"w":-0.8836207389831543},"size":13.078069686889649,"orthographic":false}